Company,Location,What they do,Funding,Date,Source,Why a fit,Buyer to target,Confidence,Status / Call notes
Happl,"London, UK","AI-native employee-benefits infrastructure for global employers","$11M Series A","May 2026",vestbee.com,"Series A + global expansion mandate; pre-RevOps pipeline need","Head of Growth / CRO",High,
Neutreeno,UK,"Supply-chain emissions / decarbonisation SaaS","$5M Seed",2026,esgtoday.com,"Fresh seed, enterprise B2B, needs an outbound motion","Founder / Head of Sales",High,
Greenpixie,"London, UK","Cloud carbon-data SaaS","GBP 4.7M Seed","May 2026",vestbee.com,"Sells to enterprise sustainability teams; clear ICP","Founder / Head of GTM",High,
PANTA,"London, UK","Financial index & data-infrastructure SaaS","GBP 3M Seed","May 2026",thesaasnews.com,"Fintech infra, live clients, scaling sales","Founder / Commercial lead",High,
Intelligent Legal Solutions,"London, UK","Side-letter / MFN automation for private funds","$3M","Mar 2026",vcbacked.co,"Niche legaltech, defined buyer, post-raise","Founder / Head of Sales",Medium,
Humaans,"London, UK","Next-generation HRIS (~48 staff)","$20M total",-,ycombinator.com,"Established B2B SaaS scaling; 'sharpen your signals' angle","Head of Revenue","Medium (may already have GTM)",
Connectd,"London, UK","Platform linking startups, investors, advisors","Series A",-,fundraiseinsider.com,"Marketplace B2B, needs volume outbound","Head of Growth","Low - verify recency via CH",
Approov,"Edinburgh, UK","Mobile app / API security SaaS","Series A",-,fundraiseinsider.com,"Technical B2B, defined dev/security ICP","VP Sales / Marketing","Low - verify recency via CH",
Imperagen (wildcard),"Manchester, UK","Biotech (off-core-ICP)","GBP 5M Seed","May 2026",vestbee.com,"Raise explicitly to 'build out GTM function' - strong signal, off-ICP",Founder,Wildcard,
